{"Date":{"0":1646179200000,"1":1646092800000,"2":1646006400000,"3":1645920000000,"4":1645833600000,"5":1645747200000,"6":1645660800000},"Polarity_Average":{"0":0.037300701,"1":0.0308001834,"2":0.0337384776,"3":0.0381472021,"4":0.0356831592,"5":0.0299445328,"6":0.0197998236}}