{
  "token_acc":1.0,
  "token_p":1.0,
  "token_r":1.0,
  "token_f":1.0,
  "cats_score":0.610958808,
  "cats_score_desc":"macro F",
  "cats_micro_p":0.7479598114,
  "cats_micro_r":0.7310806477,
  "cats_micro_f":0.739423915,
  "cats_macro_p":0.6412336908,
  "cats_macro_r":0.593018982,
  "cats_macro_f":0.610958808,
  "cats_macro_auc":0.805077173,
  "cats_f_per_type":{
    "pos":{
      "p":0.7481875302,
      "r":0.7168326001,
      "f":0.73217453
    },
    "neg":{
      "p":0.3938746439,
      "r":0.2435050638,
      "f":0.300952381
    },
    "neu":{
      "p":0.7816388983,
      "r":0.818719282,
      "f":0.7997495129
    }
  },
  "cats_auc_per_type":{
    "pos":0.8624053009,
    "neg":0.7326645924,
    "neu":0.8201616255
  },
  "speed":233779.6080492146
}